"semestre_conclusao_minimo";"semestre_conclusao_ideal";"semestre_conclusao_maximo";"nome_matriz";"nome_curso";"codigo";"ch_total_minima";"ch_optativas_minima";"cr_total_minimo";"cr_maximo_semestre";"cr_ideal_semestre";"ano_entrada_vigor";"periodo_entrada_vigor";"ch_nao_atividade_obrigatoria";"cr_nao_atividade_obrigatorio";"ch_atividade_obrigatoria";"meses_conclusao_maximo";"meses_conclusao_ideal";"meses_conclusao_minimo";"observacao";"ch_minima_semestre";"ch_maxima_semestre";"ch_complementar_minima";
"10";"10";"15";"PSICOLOGIA - SANTA CRUZ - MT - BACHARELADO";"PSICOLOGIA";"01B";"4050";"405";"147";"31";"25";"2015";"1";"2535";"147";"900";"";"";"";"";"330";"465";"210";
"5";"5";"6";"GESTÃO PÚBLICA - CAICÓ - I - TECNOLÓGICO";"GESTÃO PÚBLICA";"01";"1710";"0";"114";"26";"24";"2013";"1";"1710";"114";"0";"";"";"";"";"240";"0";"0";
"12";"24";"30";"";"MESTRADO PROFISSIONAL EM LETRAS - PROFLETRAS/CN";"PLETCN1";"420";"135";"9";"20";"12";"2013";"1";"285";"0";"0";"30";"24";"12";"";"0";"";"";
"12";"24";"30";"";"MESTRADO EM MATEMÁTICA APLICADA E ESTATÍSTICA";"PE";"360";"120";"24";"16";"12";"2006";"2";"240";"16";"0";"30";"24";"12";"";"1";"";"";
"24";"48";"54";"";"DOUTORADO EM CIÊNCIA DA COMPUTAÇÃO";"Dr004";"540";"540";"36";"";"";"2016";"2";"0";"0";"0";"54";"48";"24";"";"0";"";"";
"12";"24";"30";"";"MESTRADO PROFISSIONAL EM MATEMÁTICA EM REDE NACIONAL";"MRN1";"1200";"240";"16";"30";"15";"2011";"1";"960";"0";"0";"30";"24";"12";"";"1";"";"";
"12";"24";"30";"";"ZZZ MEST";"08";"195";"0";"13";"30";"15";"2009";"1";"195";"13";"0";"30";"24";"12";"";"15";"";"";
"12";"24";"30";"";"MESTRADO PROFISSIONAL EM SAÚDE DA FAMÍLIA";"tm3";"565";"0";"0";"";"";"2017";"2";"565";"0";"0";"30";"24";"12";"";"0";"";"";
"12";"24";"30";"";"MESTRADO PROFISSIONAL EM ENSINO DE CIÊNCIAS NATURAIS E MATEMÁTICA";"ECNM2";"465";"240";"28";"";"";"2016";"2";"180";"12";"45";"30";"24";"12";"";"1";"";"";
"12";"24";"30";"";"MESTRADO PROFISSIONAL EM EDUCAÇÃO, TRABALHO E INOVAÇÃO EM MEDICINA";"ETIM001";"315";"90";"21";"";"";"2016";"2";"225";"15";"0";"30";"24";"12";"";"0";"";"";
"8";"8";"12";"ARTES VISUAIS - NATAL - MT - LICENCIATURA";"ARTES VISUAIS";"01F";"2970";"720";"103";"28";"24";"2011";"1";"1545";"103";"705";"";"";"";"";"105";"0";"0";
"12";"24";"30";"";"MESTRADO EM BIOECOLOGIA AQUÁTICA";"02";"270";"0";"18";"23";"18";"2005";"1";"270";"18";"0";"30";"24";"12";"";"1";"";"";
"12";"24";"30";"";"MESTRADO EM DESENVOLVIMENTO E MEIO AMBIENTE";"MEST02";"226";"1";"13";"24";"12";"2012";"2";"225";"13";"0";"30";"24";"12";"";"1";"";"";
"12";"24";"30";"";"MESTRADO EM ENSINO DE CIÊNCIAS E MATEMÁTICA";"MEST17";"240";"0";"16";"";"";"2017";"2";"240";"16";"0";"30";"24";"12";"";"0";"";"";
"24";"48";"54";"";"DOUTORADO EM PATOLOGIA ORAL";"PAT_17D";"405";"0";"0";"";"";"2017";"1";"405";"0";"0";"54";"48";"24";"";"0";"";"";
"12";"24";"30";"";"MESTRADO PROFISSIONAL EM ENSINO DE ARTES - PROFARTES";"mpart1";"420";"120";"8";"24";"12";"2014";"2";"300";"0";"0";"30";"24";"12";"";"0";"";"";
"12";"24";"30";"";"MESTRADO PROFISSIONAL EM PRÁTICAS DE SAÚDE E EDUCAÇÃO";"MPPSE1";"360";"45";"3";"";"";"2017";"1";"315";"0";"0";"30";"24";"12";"";"0";"";"";
"12";"24";"36";"";"MESTRADO PROFISSIONAL EM ENGENHARIA DE SOFTWARE";"MPES2";"360";"240";"24";"";"";"2017";"1";"120";"8";"0";"36";"24";"12";"";"0";"";"";
"6";"6";"9";"GESTÃO DE POLÍTICAS PÚBLICAS - NATAL - N - BACHARELADO";"GESTÃO DE POLÍTICAS PÚBLICAS";"01D";"2410";"1215";"0";"30";"22";"2014";"2";"0";"0";"795";"";"";"";"";"150";"0";"400";
"9";"9";"14";"ADMINISTRAÇÃO - CURRAIS NOVOS - TN - BACHARELADO";"ADMINISTRAÇÃO";"05A";"3090";"360";"160";"";"";"2017";"1";"2400";"160";"175";"";"";"";"";"60";"0";"155";
"12";"24";"30";"";"MESTRADO PROFISSIONAL EM INOVAÇÃO EM TECNOLOGIAS EDUCACIONAIS";"ITE17";"360";"180";"12";"";"";"2017";"1";"180";"0";"0";"30";"24";"12";"";"0";"";"";
"7";"7";"10";"TECNOLOGIA DA INFORMAÇÃO - NATAL - MT - BACHARELADO";"TECNOLOGIA DA INFORMAÇÃO";"02";"2600";"1440";"0";"32";"28";"2014";"1";"1020";"0";"0";"";"";"";"";"30";"0";"140";
"6";"9";"13";"TECNOLOGIA DA INFORMAÇÃO - NATAL - N - BACHARELADO";"TECNOLOGIA DA INFORMAÇÃO";"02";"2600";"300";"0";"32";"20";"2014";"1";"2160";"0";"0";"";"";"";"";"30";"0";"140";
"12";"12";"18";"MEDICINA - NATAL - MTN - FORMAÇÃO";"MEDICINA";"04";"8332";"400";"144";"";"";"2016";"2";"3930";"144";"3585";"";"";"";"";"60";"0";"417";
"12";"24";"30";"";"MESTRADO PROFISSIONAL EM LETRAS - PROFLETRAS/NAT";"PLETNT1";"420";"135";"12";"20";"12";"2013";"1";"285";"3";"0";"30";"24";"12";"";"0";"";"";
"10";"10";"14";"AGRONOMIA - MACAÍBA - MTN - FORMAÇÃO";"AGRONOMIA";"02";"3720";"420";"186";"";"";"2017";"1";"2790";"186";"300";"";"";"";"";"30";"420";"210";
"12";"24";"30";"";"MESTRADO EM ENFERMAGEM";"MEST";"151";"1";"10";"30";"12";"2011";"1";"150";"10";"0";"30";"24";"12";"";"1";"";"";
"10";"10";"14";"ZOOTECNIA - MACAÍBA - MT - FORMAÇÃO";"ZOOTECNIA";"01";"3870";"780";"175";"40";"30";"2009";"1";"2625";"175";"465";"";"";"";"";"15";"0";"0";
"8";"8";"12";"QUÍMICA - NATAL - M - LICENCIATURA";"QUÍMICA";"01B";"3165";"240";"153";"30";"26";"2011";"1";"2295";"153";"630";"";"";"";"";"180";"0";"0";
"24";"48";"60";"";"DOUTORADO EM ARQUITETURA E URBANISMO";"01";"135";"135";"9";"20";"12";"2007";"1";"0";"0";"0";"60";"48";"24";"";"0";"";"";
"6";"6";"9";"ANÁLISE E DESENVOLVIMENTO DE SISTEMAS - MACAÍBA - MTN - TECNOLÓGICO";"ANÁLISE E DESENVOLVIMENTO DE SISTEMAS";"02";"2295";"240";"106";"40";"30";"2015";"2";"1590";"106";"285";"";"";"";"";"225";"0";"180";
"12";"24";"30";"";"ZZZ MEST";"04";"375";"0";"25";"20";"10";"2007";"1";"375";"25";"0";"30";"24";"12";"";"1";"";"";
"12";"24";"30";"";"MESTRADO EM ESTUDOS DA MÍDIA";"02";"390";"90";"26";"";"";"2017";"1";"300";"20";"0";"30";"24";"12";"";"0";"";"";
"12";"24";"30";"";"MESTRADO EM CIÊNCIAS BIOLÓGICAS";"BIOL_17";"360";"120";"8";"";"";"2017";"1";"240";"0";"0";"30";"24";"12";"";"0";"";"";
"18";"24";"30";"";"RESIDÊNCIA MÉDICA EM UROLOGIA";"01";"317";"0";"0";"0";"0";"2007";"1";"0";"0";"317";"";"";"";"";"200";"";"";
"24";"48";"60";"";"DOUTORADO EM ENGENHARIA MECÂNICA";"02";"540";"540";"36";"15";"12";"2006";"1";"0";"0";"0";"60";"48";"24";"";"0";"";"";
"12";"24";"30";"";"MESTRADO EM PSICOLOGIA";"03";"240";"0";"16";"24";"12";"2010";"1";"240";"16";"0";"30";"24";"12";"";"1";"";"";
"12";"24";"30";"";"MESTRADO EM SISTEMÁTICA E EVOLUÇÃO";"001";"360";"90";"6";"20";"16";"2011";"1";"270";"0";"0";"30";"24";"12";"";"0";"";"";
"24";"48";"48";"";"DOUTORADO EM SISTEMÁTICA E EVOLUÇÃO";"D-01";"450";"210";"14";"20";"12";"2013";"1";"240";"0";"0";"48";"48";"24";"";"0";"";"";
"12";"24";"30";"";"MESTRADO EM BIOQUÍMICA";"M10";"360";"150";"10";"24";"12";"2010";"1";"210";"0";"0";"30";"24";"12";"";"0";"";"";
"12";"24";"30";"";"MESTRADO EM DESENVOLVIMENTO E MEIO AMBIENTE";"01";"255";"180";"15";"24";"12";"2004";"2";"75";"3";"0";"30";"24";"12";"";"1";"";"";
"";"";"";"";"RESIDÊNCIA MÉDICA EM PSIQUIATRIA";"PQTTEST";"1450";"0";"0";"";"";"2017";"1";"0";"0";"0";"";"";"";"";"0";"";"";
"12";"24";"30";"";"MESTRADO EM SAUDE COLETIVA";"SCF01";"300";"90";"20";"14";"10";"2016";"1";"210";"14";"0";"30";"24";"12";"";"0";"";"";
"12";"24";"30";"";"MESTRADO EM FISIOTERAPIA";"FST-M17";"375";"135";"25";"";"";"2017";"1";"240";"16";"0";"30";"24";"12";"";"1";"";"";
"11";"11";"14";"ENGENHARIA DE MATERIAIS - NATAL - N - FORMAÇÃO";"ENGENHARIA DE MATERIAIS";"02";"3680";"420";"80";"30";"20";"2016";"1";"2820";"80";"250";"";"";"";"";"270";"0";"190";
"12";"24";"30";"";"MESTRADO PROFISSIONAL EM GESTÃO E INOVAÇÃO EM SAÚDE";"GIS1";"375";"120";"25";"";"";"2017";"1";"255";"17";"0";"30";"24";"12";"";"1";"";"";
"9";"9";"13";"TECNOLOGIA DA INFORMAÇÃO - NATAL - N - BACHARELADO";"TECNOLOGIA DA INFORMAÇÃO";"02";"2600";"1440";"0";"32";"28";"2014";"1";"1020";"0";"0";"";"";"";"";"30";"0";"140";
"6";"7";"10";"TECNOLOGIA DA INFORMAÇÃO - NATAL - MT - BACHARELADO";"TECNOLOGIA DA INFORMAÇÃO";"02";"2600";"300";"0";"32";"28";"2014";"1";"1950";"0";"210";"";"";"";"";"30";"0";"140";
"12";"24";"30";"";"ZZZ MEST";"05";"0";"0";"0";"40";"10";"2007";"1";"0";"0";"0";"30";"24";"12";"";"1";"";"";
"24";"48";"60";"";"DOUTORADO EM PSICOLOGIA SOCIAL";"01";"300";"0";"20";"40";"40";"2003";"1";"300";"20";"0";"60";"48";"24";"";"1";"";"";
"12";"24";"36";"";"MESTRADO EM GEOCIÊNCIAS";"01";"0";"0";"0";"24";"12";"1996";"1";"0";"0";"0";"";"";"";"";"";"";"";
"12";"24";"30";"";"MESTRADO EM SISTEMAS E COMPUTAÇÃO";"02";"0";"0";"0";"24";"12";"2005";"1";"0";"0";"0";"30";"24";"12";"";"1";"";"";
"30";"42";"48";"";"DOUTORADO EM FILOSOFIA";"01";"150";"90";"10";"16";"4";"2006";"1";"60";"4";"0";"48";"42";"30";"";"0";"";"";
"12";"24";"30";"";"MESTRADO EM FÍSICA";"01";"0";"0";"0";"99";"12";"2000";"1";"0";"0";"0";"30";"24";"12";"";"15";"";"";
"24";"48";"60";"";"DOUTORADO EM PSICOBIOLOGIA";"03";"180";"60";"12";"24";"12";"2006";"1";"120";"8";"0";"60";"48";"24";"";"1";"";"";
"24";"48";"54";"";"DOUTORADO EM FISIOTERAPIA";"D-01";"225";"165";"15";"24";"12";"2013";"1";"60";"4";"0";"54";"48";"24";"";"1";"";"";
"12";"24";"30";"";"MESTRADO EM BIOECOLOGIA AQUÁTICA";"01";"0";"0";"0";"99";"12";"0";"0";"0";"0";"0";"";"";"";"";"";"";"";
"8";"8";"12";"CIÊNCIAS ATUARIAIS - NATAL - N - BACHARELADO";"CIÊNCIAS ATUARIAIS";"01C";"2490";"300";"128";"28";"20";"2014";"1";"1920";"128";"270";"";"";"";"";"30";"0";"0";
"12";"24";"30";"";"MESTRADO EM TURISMO";"MTUR-1";"360";"210";"24";"";"";"2017";"1";"150";"10";"0";"30";"24";"12";"";"0";"";"";
"10";"10";"15";"CIÊNCIA DA COMPUTAÇÃO - NATAL - MT - BACHARELADO";"CIÊNCIA DA COMPUTAÇÃO";"02";"3290";"420";"48";"30";"24";"2014";"1";"2610";"48";"90";"";"";"";"";"180";"0";"170";
"24";"48";"60";"";"DOUTORADO EM CIÊNCIA E ENGENHARIA DE PETRÓLEO";"01";"180";"0";"0";"99";"12";"2006";"2";"180";"0";"0";"60";"48";"24";"";"1";"";"";
"12";"24";"30";"";"ZZZ MEST";"07";"195";"0";"13";"30";"15";"2009";"1";"195";"13";"0";"30";"24";"12";"";"15";"";"";
"12";"24";"30";"";"MESTRADO EM BIOQUÍMICA";"03";"210";"0";"0";"24";"12";"2009";"1";"210";"0";"0";"30";"24";"12";"";"1";"";"";
"12";"24";"30";"";"MESTRADO EM FONOAUDIOLOGIA";"FONO1";"300";"120";"8";"";"";"2017";"1";"180";"0";"0";"30";"24";"12";"";"0";"";"";
"10";"10";"16";"ENGENHARIA DE PETRÓLEO - NATAL - MTN - FORMAÇÃO";"ENGENHARIA DE PETRÓLEO";"02";"3660";"660";"72";"";"";"2017";"1";"2580";"72";"230";"";"";"";"";"60";"540";"190";
"12";"24";"30";"";"MESTRADO EM ENGENHARIA ELÉTRICA E DE COMPUTAÇÃO";"5";"360";"360";"24";"20";"12";"2009";"2";"0";"0";"0";"30";"24";"12";"";"0";"";"";
"10";"10";"12";"ENGENHARIA MECATRÔNICA - NATAL - MT - FORMAÇÃO";"ENGENHARIA MECATRÔNICA";"01";"3790";"420";"88";"32";"26";"2012";"1";"3090";"88";"280";"";"";"";"";"15";"0";"0";
"10";"10";"15";"ENGENHARIA FLORESTAL - MACAÍBA - MT - FORMAÇÃO";"ENGENHARIA FLORESTAL";"02";"3840";"405";"196";"35";"26";"2015";"1";"2940";"196";"300";"";"";"";"";"30";"0";"195";
"12";"24";"30";"";"MESTRADO PROFISSIONAL EM SAÚDE DA FAMÍLIA";"MSF2017";"575";"0";"0";"";"";"2015";"1";"575";"0";"0";"30";"24";"12";"";"0";"";"";
"9";"9";"14";"ENGENHARIA DE SOFTWARE - NATAL - MT - BACHARELADO";"ENGENHARIA DE SOFTWARE";"02";"3600";"540";"66";"30";"26";"2014";"2";"2490";"66";"380";"";"";"";"";"180";"0";"190";
"11";"11";"16";"ENGENHARIA DE TELECOMUNICAÇÕES - NATAL - N - FORMAÇÃO";"ENGENHARIA DE TELECOMUNICAÇÕES";"02";"3690";"420";"79";"";"";"2016";"2";"2850";"79";"230";"";"";"";"";"15";"0";"190";
"12";"24";"36";"";"MESTRADO EM ECOLOGIA";"02";"375";"75";"5";"24";"12";"2009";"1";"300";"0";"0";"36";"24";"12";"";"1";"";"";
"24";"24";"30";"";"RESIDÊNCIA EM TERAPIA INTENSIVA ADULTO";"TIA";"5470";"322";"0";"";"";"2014";"1";"540";"0";"4608";"";"";"";"";"1000";"";"";
"24";"24";"28";"";"RESIDÊNCIA EM TERAPIA INTENSIVA NEONATAL";"TIN04";"4935";"0";"0";"";"";"2014";"1";"587";"0";"4348";"";"";"";"";"2880";"";"";
"24";"48";"60";"";"DOUTORADO EM PSICOLOGIA";"02";"300";"0";"20";"28";"16";"2010";"1";"300";"20";"0";"60";"48";"24";"";"1";"";"";
"12";"24";"30";"";"MESTRADO EM GENÉTICA E BIOLOGIA MOLECULAR";"02";"210";"0";"14";"24";"12";"2004";"1";"210";"14";"0";"30";"24";"12";"";"1";"";"";
"12";"24";"30";"";"MESTRADO EM GENÉTICA E BIOLOGIA MOLECULAR";"01";"0";"0";"0";"24";"12";"2003";"1";"0";"0";"0";"30";"24";"12";"";"1";"";"";
"1";"11";"16";"DIREITO - NATAL - N - BACHARELADO";"DIREITO";"04A";"3700";"435";"180";"26";"24";"2010";"2";"2700";"180";"565";"";"";"";"";"60";"0";"0";
"24";"48";"54";"";"DOUTORADO EM QUÍMICA";"dout14";"360";"300";"24";"12";"8";"2014";"2";"60";"4";"0";"54";"48";"24";"";"0";"";"";
"8";"8";"12";"MÚSICA - NATAL - INSTRUMENTO - MT - BACHARELADO";"MÚSICA";"02";"3075";"1650";"36";"99";"98";"2006";"2";"540";"36";"885";"";"";"";"";"15";"0";"0";
"8";"8";"12";"SERVIÇO SOCIAL - NATAL - T - BACHARELADO";"SERVIÇO SOCIAL";"03B";"2850";"285";"132";"26";"26";"2011";"1";"1980";"132";"585";"";"";"";"";"120";"";"";
"12";"24";"30";"";"MESTRADO EM CIÊNCIAS FARMACÊUTICAS";"MEST15";"360";"180";"12";"";"";"2015";"2";"180";"0";"0";"30";"24";"12";"";"0";"";"";
"8";"8";"12";"ADMINISTRAÇÃO PÚBLICA - NATAL - I - BACHARELADO";"ADMINISTRAÇÃO PÚBLICA";"01";"3000";"300";"150";"30";"22";"2010";"1";"2250";"150";"450";"";"";"";"";"15";"570";"0";
"12";"24";"30";"";"MESTRADO EM ANTROPOLOGIA SOCIAL";"01";"180";"0";"12";"28";"10";"2005";"1";"180";"12";"0";"30";"24";"12";"";"1";"";"";
"12";"24";"30";"";"MESTRADO EM MATEMÁTICA APLICADA E ESTATÍSTICA";"MM";"360";"135";"24";"16";"12";"2006";"2";"225";"15";"0";"30";"24";"12";"";"1";"";"";
"24";"48";"60";"";"DOUTORADO EM ESTUDOS DA LINGUAGEM";"04";"0";"0";"0";"20";"6";"2004";"1";"0";"0";"0";"60";"48";"24";"";"1";"";"";
"12";"24";"30";"";"MESTRADO EM GEOGRAFIA";"GEO17M";"360";"270";"24";"";"";"2017";"1";"90";"6";"0";"30";"24";"12";"";"0";"";"";
"8";"8";"12";"CIÊNCIAS SOCIAIS - NATAL - M - BACHARELADO";"CIÊNCIAS SOCIAIS";"03B";"2520";"660";"104";"30";"16";"2011";"1";"1560";"104";"300";"";"";"";"";"60";"0";"0";
"8";"8";"12";"MATEMÁTICA - NATAL - N - LICENCIATURA";"MATEMÁTICA";"04";"2820";"300";"128";"34";"22";"2015";"1";"1920";"128";"400";"";"";"";"";"60";"0";"200";
"12";"24";"30";"";"MESTRADO EM MÚSICA";"001";"375";"60";"25";"32";"16";"2013";"1";"315";"21";"0";"30";"24";"12";"";"1";"";"";
"24";"48";"54";"";"DOUTORADO EM FISIOTERAPIA";"FST-D17";"600";"360";"40";"";"";"2017";"1";"240";"16";"0";"54";"48";"24";"";"1";"";"";
"18";"24";"24";"";"MESTRADO PROFISSIONAL EM GESTÃO PÚBLICA";"GP2013";"360";"210";"24";"12";"6";"2013";"1";"150";"10";"0";"24";"24";"18";"";"0";"";"";
"6";"24";"30";"";"MESTRADO EM ENGENHARIA SANITÁRIA";"02";"360";"180";"24";"30";"21";"2005";"1";"180";"12";"0";"30";"24";"6";"";"1";"";"";
"10";"10";"15";"PSICOLOGIA - SANTA CRUZ - MT - BACHARELADO";"PSICOLOGIA";"01B";"4050";"405";"147";"31";"25";"2015";"1";"2535";"147";"900";"";"";"";"";"330";"465";"210";
"12";"24";"30";"";"MESTRADO EM CIÊNCIA E ENGENHARIA DE PETRÓLEO";"01";"360";"180";"12";"99";"12";"2006";"2";"180";"0";"0";"30";"24";"12";"";"0";"";"";
"12";"24";"30";"";"MESTRADO EM ENGENHARIA ELÉTRICA E DE COMPUTAÇÃO";"6";"360";"360";"24";"20";"12";"2009";"2";"0";"0";"0";"30";"24";"12";"";"0";"";"";
"12";"24";"30";"";"MESTRADO EM QUÍMICA";"mest14";"270";"240";"18";"12";"4";"2014";"2";"30";"2";"0";"30";"24";"12";"";"1";"";"";
"10";"10";"15";"PSICOLOGIA - SANTA CRUZ - MT - BACHARELADO";"PSICOLOGIA";"01B";"4050";"405";"147";"31";"25";"2015";"1";"2535";"147";"900";"";"";"";"";"330";"465";"210";
"6";"6";"9";"CIÊNCIAS E TECNOLOGIA - NATAL - MT - BACHARELADO";"CIÊNCIAS E TECNOLOGIA";"02";"2400";"1020";"0";"480";"420";"2015";"1";"1260";"0";"0";"";"";"";"";"180";"0";"120";
"10";"10";"16";"DIREITO - CAICÓ - TN - BACHARELADO";"DIREITO";"02";"3700";"480";"198";"30";"3";"2013";"1";"2970";"198";"250";"";"";"";"";"300";"0";"0";
"24";"48";"60";"";"DOUTORADO EM DESENVOLVIMENTO E INOVAÇÃO TECNOLÓGICA EM MEDICAMENTOS";"01";"285";"0";"14";"15";"12";"2009";"2";"285";"14";"0";"60";"48";"24";"";"0";"";"";
"5";"5";"7";"GESTÃO PÚBLICA - NATAL - MTN - TECNOLÓGICO";"GESTÃO PÚBLICA";"01A";"1800";"30";"0";"99";"99";"2011";"1";"1680";"0";"90";"";"";"";"";"15";"";"";
"12";"24";"30";"";"ZZZ MEST";"NUT-01";"135";"0";"9";"16";"8";"2014";"1";"135";"9";"0";"30";"24";"12";"";"1";"";"";
"24";"48";"54";"";"DOUTORADO EM GEOGRAFIA";"GEO17D";"480";"330";"32";"";"";"2017";"1";"150";"10";"0";"54";"48";"24";"";"0";"";"";
"12";"24";"30";"";"MESTRADO EM ECONOMIA";"eco16";"390";"120";"26";"";"";"2016";"2";"270";"18";"0";"30";"24";"12";"";"1";"";"";
"12";"24";"30";"";"MESTRADO EM HISTÓRIA";"01";"300";"120";"20";"50";"12";"2005";"1";"180";"12";"0";"30";"24";"12";"";"0";"";"";
"12";"24";"30";"";"MESTRADO EM ESTUDOS DA LINGUAGEM";"LET1M";"0";"0";"0";"24";"12";"2013";"2";"0";"0";"0";"30";"24";"12";"";"0";"";"";
"24";"48";"60";"";"DOUTORADO EM ARQUITETURA E URBANISMO";"02";"0";"0";"0";"20";"12";"2007";"1";"0";"0";"0";"";"";"";"";"";"";"";
"24";"48";"54";"";"DOUTORADO EM PATOLOGIA ORAL";"DOUT1";"376";"1";"25";"24";"12";"2012";"1";"375";"25";"0";"54";"48";"24";"";"0";"";"";
"24";"36";"48";"";"DOUTORADO EM EDUCAÇÃO";"dout17";"330";"30";"10";"";"";"2017";"1";"120";"8";"180";"48";"36";"24";"";"0";"";"";
"9";"9";"13";"LETRAS - LÍNGUA PORTUGUESA E LIBRAS - NATAL - N";"LETRAS - LÍNGUA PORTUGUESA E LIBRAS";"01";"2920";"300";"68";"";"";"2016";"2";"2020";"68";"400";"";"";"";"";"180";"0";"200";
"9";"9";"14";"EDUCAÇÃO FÍSICA - NATAL - TN - BACHARELADO";"EDUCAÇÃO FÍSICA";"01A";"3215";"780";"118";"32";"20";"2011";"1";"1770";"118";"665";"";"";"";"";"60";"0";"0";
"8";"8";"12";"GEOGRAFIA - NATAL - I - LICENCIATURA";"GEOGRAFIA";"03";"2850";"300";"130";"40";"21";"2014";"1";"1950";"130";"600";"";"";"";"";"60";"675";"0";
"9";"9";"12";"ENFERMAGEM - SANTA CRUZ - MT - FORMAÇÃO";"ENFERMAGEM";"01A";"4040";"90";"119";"99";"98";"2012";"1";"3000";"119";"950";"";"";"";"";"15";"0";"0";
"12";"24";"30";"";"MESTRADO EM ENGENHARIA DE PRODUÇÃO";"PRO-1";"360";"180";"24";"48";"12";"2010";"2";"180";"12";"0";"30";"24";"12";"";"0";"";"";
"11";"11";"15";"BIOMEDICINA - NATAL - N - BACHARELADO";"BIOMEDICINA";"02";"4030";"405";"158";"";"";"2017";"1";"2370";"158";"1045";"";"";"";"";"15";"0";"210";
"9";"9";"13";"BIOMEDICINA - NATAL - MT - BACHARELADO";"BIOMEDICINA";"02";"4030";"405";"158";"";"";"2017";"1";"2370";"158";"1045";"";"";"";"";"15";"0";"210";
"10";"10";"14";"ENGENHARIA AMBIENTAL - NATAL - MT - FORMAÇÃO";"ENGENHARIA AMBIENTAL";"02";"3870";"390";"98";"";"";"2016";"2";"3030";"98";"250";"";"";"";"";"15";"0";"200";
"6";"7";"10";"TECNOLOGIA DA INFORMAÇÃO - NATAL - MT - BACHARELADO";"TECNOLOGIA DA INFORMAÇÃO";"01";"2600";"360";"40";"32";"28";"2014";"2";"2100";"40";"0";"";"";"";"";"30";"0";"140";
"9";"10";"16";"ENGENHARIA QUÍMICA - NATAL - MTN - FORMAÇÃO";"ENGENHARIA QUÍMICA";"04";"3920";"360";"195";"32";"24";"2009";"1";"2925";"195";"635";"";"";"";"";"30";"";"";
"12";"24";"30";"";"MESTRADO EM DIREITO";"05";"450";"270";"30";"30";"16";"2013";"2";"180";"12";"0";"30";"24";"12";"";"0";"";"";
"24";"48";"54";"";"DOUTORADO EM ANTROPOLOGIA SOCIAL";"dout15";"600";"360";"40";"20";"12";"2015";"1";"240";"16";"0";"54";"48";"24";"";"1";"";"";
"12";"24";"30";"";"MESTRADO EM CIÊNCIAS CLIMÁTICAS";"M2016";"315";"60";"20";"";"";"2016";"2";"240";"16";"15";"30";"24";"12";"";"1";"";"";
"12";"24";"30";"";"MESTRADO EM EDUCAÇÃO";"mest17";"270";"90";"14";"";"";"2017";"1";"120";"8";"60";"30";"24";"12";"";"0";"";"";
"8";"8";"12";"SISTEMAS DE INFORMAÇÃO - CAICÓ - MT - BACHARELADO";"SISTEMAS DE INFORMAÇÃO";"01A";"3000";"300";"148";"28";"24";"2011";"1";"2220";"148";"480";"";"";"";"";"120";"0";"0";
"12";"24";"30";"";"MESTRADO EM HISTÓRIA";"02";"300";"120";"20";"";"";"2016";"2";"180";"12";"0";"30";"24";"12";"";"0";"";"";
"12";"24";"30";"";"MESTRADO EM PATOLOGIA ORAL";"PAT_17M";"450";"0";"30";"";"";"2017";"1";"450";"30";"0";"30";"24";"12";"";"0";"";"";
"12";"24";"30";"";"MESTRADO EM CIÊNCIAS CONTÁBEIS";"CONT15";"360";"120";"24";"16";"12";"2015";"1";"240";"16";"0";"30";"24";"12";"";"1";"";"";
"36";"36";"42";"";"RESIDÊNCIA MÉDICA EM OTORRINOLARINGOLOGIA";"OTG0004";"12";"0";"0";"";"";"2011";"1";"0";"0";"12";"";"";"";"";"0";"";"";
"12";"24";"30";"";"MESTRADO EM EDUCAÇÃO FÍSICA";"EDF01";"360";"150";"24";"20";"12";"2011";"1";"210";"14";"0";"30";"24";"12";"";"1";"";"";
"24";"24";"30";"";"MESTRADO PROFISSIONAL EM GESTÃO DA QUALIDADE EM SERVIÇOS DE SAÚDE";"GQSS1";"480";"60";"4";"24";"12";"2014";"2";"420";"0";"0";"30";"24";"24";"";"0";"";"";
"10";"10";"16";"ENGENHARIA ELÉTRICA - NATAL - MTN - FORMAÇÃO";"ENGENHARIA ELÉTRICA";"02B";"3840";"1230";"158";"32";"28";"2011";"1";"2370";"158";"240";"";"";"";"";"15";"0";"0";
"24";"48";"54";"";"DOUTORADO EM CIÊNCIAS CLIMÁTICAS";"dot2016";"555";"180";"36";"";"";"2016";"2";"360";"24";"15";"54";"48";"24";"";"1";"";"";
"12";"24";"30";"";"MESTRADO EM ESTUDOS DA MÍDIA";"01";"390";"90";"26";"20";"12";"2009";"1";"300";"20";"0";"30";"24";"12";"";"15";"";"";
"8";"8";"12";"LETRAS - LÍNGUA PORTUGUESA - CURRAIS NOVOS - TN - LICENCIATURA";"LETRAS - LÍNGUA PORTUGUESA";"01";"2910";"105";"147";"99";"98";"2016";"1";"2205";"147";"600";"";"";"";"";"15";"0";"0";
"8";"8";"10";"FONOAUDIOLOGIA - NATAL - MT - FORMAÇÃO";"FONOAUDIOLOGIA";"01C";"3600";"360";"148";"35";"26";"2011";"2";"2220";"148";"840";"";"";"";"";"150";"0";"180";
"6";"6";"10";"CIÊNCIAS E TECNOLOGIA - NATAL - MT - BACHARELADO";"CIÊNCIAS E TECNOLOGIA";"02";"2400";"390";"22";"32";"24";"2016";"1";"1890";"22";"0";"";"";"";"";"60";"420";"120";
"24";"48";"54";"";"DOUTORADO EM ENGENHARIA QUÍMICA";"D10";"420";"90";"28";"16";"12";"2010";"1";"330";"22";"0";"54";"48";"24";"";"1";"";"";
"24";"36";"42";"";"DOUTORADO EM ESTUDOS DA MIDIA";"DMIDIA";"480";"180";"26";"30";"24";"2016";"1";"300";"14";"0";"42";"36";"24";"";"0";"";"";
"12";"24";"36";"";"MESTRADO EM PRODUÇÃO ANIMAL";"01";"360";"300";"24";"32";"16";"2009";"1";"60";"4";"0";"36";"24";"12";"";"0";"";"";
"12";"24";"30";"";"MESTRADO EM ENGENHARIA MECÂNICA";"mestr1";"315";"315";"21";"16";"12";"2011";"1";"0";"0";"0";"30";"24";"12";"";"0";"";"";
"24";"48";"60";"";"DOUTORADO EM ENGENHARIA ELÉTRICA E DE COMPUTAÇÃO";"9";"540";"540";"36";"20";"12";"2009";"2";"0";"0";"0";"60";"48";"24";"";"0";"";"";
"8";"8";"12";"LETRAS - INGLÊS - NATAL - M";"LETRAS - INGLÊS";"03A";"2865";"240";"135";"32";"26";"2016";"1";"2025";"135";"600";"";"";"";"";"15";"0";"0";
"24";"36";"42";"";"DOUTORADO EM ESTUDOS DA MIDIA";"DMIDIA2";"480";"180";"26";"";"";"2016";"1";"300";"14";"0";"42";"36";"24";"";"0";"";"";
"9";"9";"14";"GEOGRAFIA - NATAL - N - LICENCIATURA";"GEOGRAFIA";"06A";"2850";"180";"138";"24";"20";"2013";"2";"2070";"138";"600";"";"";"";"";"60";"";"";
"10";"10";"16";"CIÊNCIAS CONTÁBEIS - CAICÓ - MN - BACHARELADO";"CIÊNCIAS CONTÁBEIS";"04";"3160";"240";"164";"24";"20";"2007";"1";"2460";"164";"460";"";"";"";"";"15";"0";"0";
"12";"24";"30";"";"MESTRADO EM MÚSICA";"L002";"375";"60";"25";"32";"16";"2013";"1";"315";"21";"0";"30";"24";"12";"";"1";"";"";
"8";"8";"12";"MATEMÁTICA - NATAL - MTN - LICENCIATURA";"MATEMÁTICA";"01 B";"2865";"0";"151";"24";"20";"2012";"1";"2265";"151";"600";"";"";"";"";"1";"0";"0";
"12";"24";"30";"";"MESTRADO PROFISSIONAL EM EDUCAÇÃO FÍSICA EM REDE NACIONAL";"EF-PROF";"450";"180";"12";"";"";"2016";"1";"270";"0";"0";"30";"24";"12";"";"0";"";"";
"6";"6";"8";"GESTÃO HOSPITALAR - NATAL - TN - TECNOLÓGICO";"GESTÃO HOSPITALAR";"02";"2460";"120";"0";"33";"29";"2011";"1";"2280";"0";"60";"";"";"";"";"60";"";"";
"6";"8";"12";"CIÊNCIAS BIOLÓGICAS - NATAL - MT - BACHARELADO";"CIÊNCIAS BIOLÓGICAS";"05C";"3215";"300";"152";"32";"24";"2013";"1";"2280";"152";"635";"";"";"";"";"60";"0";"0";
"12";"24";"30";"";"MESTRADO EM ENFERMAGEM";"Mst2015";"450";"210";"30";"20";"15";"2015";"1";"240";"16";"0";"30";"24";"12";"";"1";"";"";
"12";"24";"30";"";"MESTRADO EM CLÍNICAS ODONTOLÓGICAS";"01";"0";"0";"0";"99";"12";"0";"0";"0";"0";"0";"";"";"";"";"";"";"";
"12";"24";"30";"";"MESTRADO EM CIÊNCIAS BIOLÓGICAS";"MEST1";"360";"360";"24";"26";"18";"2012";"1";"0";"0";"0";"30";"24";"12";"";"1";"";"";
"8";"8";"12";"TURISMO - CURRAIS NOVOS - TN";"TURISMO";"01";"2530";"360";"124";"";"";"2017";"1";"1860";"124";"180";"";"";"";"";"60";"0";"130";
"12";"24";"30";"";"MESTRADO EM NEUROCIÊNCIAS";"01";"240";"150";"10";"16";"8";"2009";"2";"90";"0";"0";"30";"24";"12";"";"1";"";"";
"24";"48";"54";"";"DOUTORADO EM ENFERMAGEM NA ATENÇÃO À SAÚDE";"DOUT";"540";"300";"36";"18";"12";"2011";"1";"240";"16";"0";"54";"48";"24";"";"1";"";"";
"7";"8";"12";"EDUCAÇÃO FÍSICA - NATAL - I - LICENCIATURA";"EDUCAÇÃO FÍSICA";"01";"2955";"0";"149";"24";"20";"2012";"1";"2235";"149";"720";"";"";"";"";"240";"";"0";
"24";"48";"60";"";"DOUTORADO EM BIOQUÍMICA";"D10";"450";"240";"20";"24";"12";"2010";"1";"210";"4";"0";"60";"48";"24";"";"0";"";"";
"18";"24";"24";"";"MESTRADO PROFISSIONAL EM ENERGIA ELÉTRICA";"001";"240";"0";"0";"24";"16";"2013";"1";"240";"0";"0";"24";"24";"18";"";"0";"";"";
"8";"8";"12";"QUÍMICA - NATAL - MTN - LICENCIATURA";"QUÍMICA";"01B";"2910";"0";"154";"24";"16";"2012";"1";"2310";"154";"600";"";"";"";"";"1";"0";"0";
"24";"48";"48";"";"DOUTORADO EM ESTUDOS DA LINGUAGEM";"LET1D";"270";"0";"18";"24";"12";"2013";"2";"270";"18";"0";"48";"48";"24";"";"0";"";"";
"12";"24";"30";"";"MESTRADO PROFISSIONAL EM ENSINO DE FÍSICA EM REDE NACIONAL";"MNPEF";"420";"60";"28";"10";"6";"2016";"1";"360";"24";"0";"30";"24";"12";"";"30";"";"";
"12";"12";"18";"ENGENHARIA DE ALIMENTOS - NATAL - N - FORMAÇÃO";"ENGENHARIA DE ALIMENTOS";"02";"3615";"370";"187";"36";"18";"2015";"2";"2835";"187";"225";"";"";"";"";"30";"420";"185";
"6";"6";"9";"GESTÃO DE COOPERATIVAS - NATAL - MT - TECNOLÓGICO";"GESTÃO DE COOPERATIVAS";"01";"1900";"120";"0";"32";"20";"2013";"1";"1500";"0";"180";"";"";"";"";"15";"";"100";
"10";"10";"16";"ARQUITETURA E URBANISMO - NATAL - MTN - FORMAÇÃO";"ARQUITETURA E URBANISMO";"05B";"4880";"300";"236";"40";"28";"2011";"1";"3585";"236";"995";"";"";"";"";"150";"600";"0";
"8";"8";"12";"MATEMÁTICA - NATAL - MT - BACHARELADO";"MATEMÁTICA";"05";"2580";"260";"146";"34";"22";"2015";"1";"2190";"146";"0";"";"";"";"";"60";"";"130";
"36";"48";"60";"";"DOUTORADO EM ECOLOGIA";"03";"525";"225";"15";"24";"12";"2009";"1";"300";"0";"0";"60";"48";"36";"";"0";"";"";
"12";"24";"30";"";"MESTRADO PROFISSIONAL EM GESTÃO DE PROCESSOS INSTITUCIONAIS";"mp01";"345";"180";"12";"16";"12";"2013";"2";"165";"0";"0";"30";"24";"12";"";"0";"";"";
"9";"9";"12";"NUTRIÇÃO - NATAL - MT - FORMAÇÃO";"NUTRIÇÃO";"04";"4050";"750";"150";"99";"98";"2009";"1";"2385";"150";"915";"";"";"";"";"15";"0";"0";
"12";"24";"30";"";"MESTRADO EM ENGENHARIA MECATRÔNICA";"EGM1";"360";"180";"24";"24";"12";"2013";"2";"180";"12";"0";"30";"24";"12";"";"0";"";"";
"24";"48";"60";"";"DOUTORADO EM ENGENHARIA ELÉTRICA E DE COMPUTAÇÃO";"8";"540";"540";"36";"20";"12";"2009";"2";"0";"0";"0";"60";"48";"24";"";"0";"";"";
"12";"24";"30";"";"MESTRADO EM ENGENHARIA CIVIL";"01";"360";"315";"24";"12";"9";"2009";"1";"45";"3";"0";"30";"24";"12";"";"1";"";"";
"12";"24";"30";"";"MESTRADO EM FISIOTERAPIA";"02";"360";"150";"24";"36";"12";"2010";"1";"210";"14";"0";"30";"24";"12";"";"1";"";"";
"24";"48";"54";"";"DOUTORADO EM CIÊNCIA DA COMPUTAÇÃO";"03";"540";"540";"36";"99";"12";"2008";"1";"0";"0";"0";"54";"48";"24";"";"1";"";"";
"12";"24";"30";"";"MESTRADO EM CIÊNCIAS SOCIAIS";"4 ";"60";"0";"4";"99";"1";"2004";"1";"60";"4";"0";"30";"24";"12";"";"0";"";"";
"8";"8";"14";"HISTÓRIA - CAICÓ - MT - BACHARELADO";"HISTÓRIA";"01";"2850";"420";"140";"28";"24";"2013";"1";"2100";"140";"330";"";"";"";"";"60";"0";"0";
"8";"10";"16";"FÍSICA - NATAL - MTN - LICENCIATURA";"FÍSICA";"01B";"3060";"0";"164";"26";"16";"2012";"2";"2460";"164";"600";"";"";"";"";"30";"";"";
"10";"10";"14";"GEOLOGIA - NATAL - MT - FORMAÇÃO";"GEOLOGIA";"04";"3666";"600";"159";"36";"24";"2013";"1";"2886";"159";"180";"";"";"";"";"60";"0";"0";
"8";"8";"12";"MÚSICA - NATAL - CANTO - MT - BACHARELADO";"MÚSICA";"02";"3075";"1650";"36";"99";"98";"2006";"2";"540";"36";"885";"";"";"";"";"15";"0";"0";
"9";"9";"13";"NUTRIÇÃO - SANTA CRUZ - MT - FORMAÇÃO";"NUTRIÇÃO";"01b";"4015";"825";"133";"35";"33";"2012";"1";"2280";"133";"910";"";"";"";"";"15";"";"0";
"9";"9";"12";"JORNALISMO - NATAL - N";"JORNALISMO";"01";"3000";"420";"132";"";"";"2017";"1";"1980";"132";"300";"";"";"";"";"60";"420";"300";
"8";"8";"12";"MATEMÁTICA - CAICÓ - MN - LICENCIATURA";"MATEMÁTICA";"06";"3210";"210";"160";"99";"98";"2012";"1";"2400";"160";"600";"";"";"";"";"15";"0";"0";
"11";"11";"16";"ENGENHARIA BIOMÉDICA - NATAL - N - FORMAÇÃO";"ENGENHARIA BIOMÉDICA";"02";"3685";"370";"88";"32";"20";"2016";"1";"2880";"88";"250";"";"";"";"";"60";"0";"185";
"8";"8";"12";"LETRAS - LÍNGUA PORTUGUESA - NATAL - M";"LETRAS - LÍNGUA PORTUGUESA";"03A";"2850";"360";"126";"";"";"2016";"2";"1890";"126";"400";"";"";"";"";"15";"0";"200";
"8";"8";"12";"CIÊNCIAS BIOLÓGICAS - NATAL - I - LICENCIATURA";"CIÊNCIAS BIOLÓGICAS";"01A";"2910";"120";"146";"30";"20";"2009";"2";"2190";"146";"600";"";"";"";"";"60";"0";"0";
"9";"9";"14";"LETRAS - LÍNGUA ESPANHOLA - CURRAIS NOVOS - N";"LETRAS - LÍNGUA ESPANHOLA";"02A";"3060";"420";"136";"";"";"2016";"2";"2040";"136";"400";"";"";"";"";"180";"0";"200";
"12";"24";"30";"";"MESTRADO PROFISSIONAL EM CIÊNCIA, TECNOLOGIA E INOVAÇÃO";"MPI2015";"525";"270";"25";"16";"12";"2015";"2";"105";"7";"150";"30";"24";"12";"";"1";"";"";
"12";"24";"30";"";"MESTRADO EM CIÊNCIAS DA REABILITAÇÃO/FACISA";"CRTMS01";"300";"120";"8";"";"";"2016";"1";"180";"0";"0";"30";"24";"12";"";"0";"";"";
"24";"48";"54";"";"DOUTORADO EM ADMINISTRAÇÃO";"D2013";"540";"210";"24";"20";"12";"2013";"1";"330";"10";"0";"54";"48";"24";"";"1";"";"";
"4";"5";"6";"EDUCAÇÃO FÍSICA - NATAL - N - LICENCIATURA";"EDUCAÇÃO FÍSICA";"01";"1220";"0";"52";"24";"14";"2012";"1";"980";"52";"240";"";"";"";"";"30";"";"";
"12";"18";"24";"";"MESTRADO PROFISSIONAL EM DESIGN";"01";"315";"0";"0";"12";"6";"2012";"1";"315";"0";"0";"24";"18";"12";"";"1";"";"";
"12";"24";"30";"";"MESTRADO EM GEODINÂMICA E GEOFÍSICA";"04";"360";"300";"24";"24";"16";"2004";"1";"60";"4";"0";"30";"24";"12";"";"1";"";"";
"8";"8";"10";"LICENCIATURA EM CIÊNCIAS SOCIAIS - NATAL - MT - LICENCIATURA";"LICENCIATURA EM CIÊNCIAS SOCIAIS";"01";"2925";"540";"0";"28";"24";"2014";"1";"1740";"0";"645";"";"";"";"";"240";"0";"0";
"5";"5";"8";"MATEMÁTICA - NATAL - M - LICENCIATURA";"MATEMÁTICA";"01";"1380";"0";"88";"23";"16";"2012";"2";"1320";"88";"60";"";"";"";"";"60";"";"";
"24";"42";"54";"";"DOUTORADO EM ENFERMAGEM NA ATENÇÃO À SAÚDE";"Dot2015";"600";"270";"40";"20";"15";"2015";"1";"330";"22";"0";"54";"42";"24";"";"1";"";"";
"24";"48";"60";"";"DOUTORADO EM DESENVOLVIMENTO E MEIO AMBIENTE";"01";"345";"0";"2";"20";"8";"2010";"1";"345";"2";"0";"60";"48";"24";"";"1";"";"";
"12";"24";"30";"";"MESTRADO EM CIÊNCIAS FARMACÊUTICAS";"05";"360";"255";"17";"24";"12";"2005";"1";"105";"0";"0";"30";"24";"12";"";"1";"";"";
"8";"8";"12";"QUÍMICA DO PETRÓLEO - NATAL - MT - BACHARELADO";"QUÍMICA DO PETRÓLEO";"01B";"3085";"180";"173";"30";"26";"2011";"1";"2595";"173";"310";"";"";"";"";"180";"0";"0";
"12";"24";"30";"";"MESTRADO EM CIÊNCIAS DA SAÚDE";"02";"360";"360";"24";"36";"12";"2007";"1";"0";"0";"0";"30";"24";"12";"";"0";"";"";
"24";"48";"60";"";"DOUTORADO EM CIÊNCIAS DA SAÚDE";"02";"0";"0";"0";"36";"12";"2007";"1";"0";"0";"0";"60";"48";"24";"";"1";"";"";
"18";"24";"24";"";"MESTRADO PROFISSIONAL EM ENSINO NA SAÚDE";"001";"360";"105";"7";"24";"12";"2013";"1";"255";"0";"0";"24";"24";"18";"";"0";"";"";
"24";"48";"60";"";"DOUTORADO EM CIENCIAS CONTABEIS (UNB-UFRN-UFPB)";"02";"540";"345";"36";"30";"12";"2009";"1";"195";"13";"0";"60";"48";"24";"";"0";"";"";
"12";"24";"30";"";"ZZZ MEST";"01";"0";"0";"0";"30";"12";"2009";"1";"0";"0";"0";"30";"24";"12";"";"1";"";"";
"12";"24";"30";"";"MESTRADO EM ENGENHARIA ELÉTRICA E DE COMPUTAÇÃO";"7";"360";"360";"24";"20";"12";"2009";"2";"0";"0";"0";"30";"24";"12";"";"0";"";"";
"1";"1";"1";"";"PRÓ-REITORIA DE PÓS-GRADUAÇÃO";"PPGufrn";"1";"1";"0";"1";"1";"2012";"1";"0";"0";"0";"1";"1";"1";"";"1";"";"";
"24";"48";"60";"";"DOUTORADO EM ENGENHARIA ELÉTRICA E DE COMPUTAÇÃO";"10";"360";"360";"24";"20";"12";"2009";"2";"0";"0";"0";"60";"48";"24";"";"0";"";"";
"8";"8";"12";"TURISMO - NATAL - T - BACHARELADO";"TURISMO";"02";"2865";"300";"136";"32";"24";"2016";"1";"2040";"136";"375";"";"";"";"";"15";"0";"150";
"8";"9";"12";"JORNALISMO - NATAL - T";"JORNALISMO";"01";"3000";"420";"132";"";"";"2017";"1";"1980";"132";"300";"";"";"";"";"60";"420";"300";
"10";"10";"15";"ENGENHARIA CIVIL - NATAL - MTN - FORMAÇÃO";"ENGENHARIA CIVIL";"04A";"3915";"393";"206";"42";"30";"2016";"1";"3090";"206";"235";"";"";"";"";"300";"450";"197";
"8";"8";"12";"LETRAS - NATAL - LINGUA PORTUGUESA - I - LICENCIATURA";"LETRAS";"01";"2970";"0";"168";"46";"22";"2011";"1";"2370";"168";"600";"";"";"";"";"15";"0";"0";
"12";"24";"30";"";"MESTRADO EM BIOLOGIA ESTRUTURAL E FUNCIONAL";"BEF2013";"390";"180";"12";"20";"12";"2013";"1";"210";"0";"0";"30";"24";"12";"";"0";"";"";
"24";"48";"54";"";"DOUTORADO EM ARQUITETURA E URBANISMO";"ARQ14D";"180";"90";"12";"24";"12";"2014";"1";"90";"6";"0";"54";"48";"24";"";"0";"";"";
"12";"24";"30";"";"MESTRADO EM ARQUITETURA E URBANISMO";"ARQ14M";"315";"225";"21";"24";"12";"2014";"1";"90";"6";"0";"30";"24";"12";"";"0";"";"";
"12";"24";"30";"";"MESTRADO EM NUTRIÇÃO";"nut01";"300";"165";"20";"20";"12";"2014";"2";"135";"9";"0";"30";"24";"12";"";"0";"";"";
"24";"48";"60";"";"DOUTORADO EM GEOGRAFIA";"D-01";"540";"330";"36";"24";"12";"2013";"1";"210";"14";"0";"60";"48";"24";"";"0";"";"";
"6";"6";"9";"GESTÃO DE POLÍTICAS PÚBLICAS - NATAL - T - BACHARELADO";"GESTÃO DE POLÍTICAS PÚBLICAS";"01D";"2410";"1215";"0";"30";"22";"2014";"2";"0";"0";"795";"";"";"";"";"150";"0";"400";
"5";"5";"6";"LETRAS - - NATAL - INGLES - T - LICENCIATURA";"LETRAS -";"02A";"1340";"120";"68";"99";"99";"2011";"2";"1020";"68";"200";"";"";"";"";"15";"";"";
"10";"10";"14";"ENGENHARIA DE AQUICULTURA - NATAL - MT - BACHARELADO";"ENGENHARIA DE AQUICULTURA";"01";"3630";"240";"180";"32";"24";"2011";"1";"2700";"180";"690";"";"";"";"";"240";"0";"0";
"1";"8";"8";"CIÊNCIAS CONTÁBEIS PARA AS ORGANIZAÇÕES SOCIAIS E COOPERATIVAS - NATAL - I - BACHARELADO";"CIÊNCIAS CONTÁBEIS PARA AS ORGANIZAÇÕES SOCIAIS E COOPERATIVAS";"01";"2970";"0";"168";"28";"24";"2008";"2";"2520";"168";"450";"";"";"";"";"";"";"";
"12";"24";"30";"";"MESTRADO EM CIÊNCIA E ENGENHARIA DE MATERIAIS";"MEST11";"360";"90";"24";"16";"12";"2011";"1";"270";"18";"0";"30";"24";"12";"";"1";"";"";
"24";"48";"60";"";"DOUTORADO EM CIÊNCIAS SOCIAIS";"03";"240";"180";"16";"99";"8";"2004";"1";"60";"4";"0";"60";"48";"24";"";"0";"";"";
"9";"9";"14";"PEDAGOGIA - CAICÓ - M - LICENCIATURA";"PEDAGOGIA";"01A";"3250";"180";"172";"30";"25";"2008";"1";"2580";"172";"490";"";"";"";"";"90";"0";"0";
"12";"24";"30";"";"MESTRADO EM CIENCIAS CONTABEIS (UNB-UFRN-UFPB)";"03";"405";"210";"27";"24";"12";"2008";"1";"195";"13";"0";"30";"24";"12";"";"1";"";"";
"8";"8";"12";"LETRAS - LÍNGUA PORTUGUESA - CURRAIS NOVOS - TN - LICENCIATURA";"LETRAS";"01B";"2910";"105";"147";"99";"98";"2011";"1";"2205";"147";"600";"";"";"";"";"15";"0";"0";
"12";"24";"30";"";"MESTRADO EM ARTES CÊNICAS";"01";"180";"0";"12";"24";"8";"2008";"1";"180";"12";"0";"30";"24";"12";"";"0";"";"";
"12";"24";"30";"";"MESTRADO EM PATOLOGIA ORAL";"MEST1";"420";"0";"28";"36";"12";"2012";"1";"420";"28";"0";"30";"24";"12";"";"1";"";"";
"10";"11";"15";"ENGENHARIA MECÂNICA - NATAL - N - FORMAÇÃO";"ENGENHARIA MECÂNICA";"02";"3850";"390";"0";"29";"23";"2015";"2";"3030";"0";"220";"";"";"";"";"260";"0";"210";
"8";"8";"12";"PEDAGOGIA - NATAL - I - LICENCIATURA";"PEDAGOGIA";"01A";"3215";"0";"177";"30";"20";"2014";"1";"2655";"177";"560";"";"";"";"";"15";"0";"0";
"12";"24";"30";"";"MESTRADO EM BIOLOGIA PARASITÁRIA";"BPA1";"420";"90";"28";"24";"12";"2013";"2";"330";"22";"0";"30";"24";"12";"";"1";"";"";
"6";"7";"10";"TECNOLOGIA DA INFORMAÇÃO - NATAL - MT - BACHARELADO";"TECNOLOGIA DA INFORMAÇÃO";"02";"2600";"300";"36";"32";"28";"2014";"1";"2160";"36";"0";"";"";"";"";"30";"0";"140";
"42";"48";"54";"";"DOUTORADO EM SERVIÇO SOCIAL";"D001";"540";"210";"18";"";"";"2016";"1";"330";"4";"0";"54";"48";"42";"";"0";"";"";
"12";"24";"30";"";"MESTRADO EM SAÚDE COLETIVA";"MEST";"270";"270";"18";"30";"15";"2011";"1";"0";"0";"0";"30";"24";"12";"";"1";"";"";
"10";"10";"14";"ADMINISTRAÇÃO - NATAL - N - BACHARELADO";"ADMINISTRAÇÃO";"04A";"3075";"300";"165";"30";"20";"2009";"1";"2595";"165";"180";"";"";"";"";"15";"0";"0";
"10";"10";"15";"ENGENHARIA DE PRODUÇÃO - NATAL - T - FORMAÇÃO";"ENGENHARIA DE PRODUÇÃO";"01A";"3915";"390";"207";"32";"26";"2011";"1";"3105";"207";"420";"";"";"";"";"30";"0";"0";
"12";"24";"30";"";"MESTRADO EM ADMINISTRAÇÃO";"M2013";"360";"210";"24";"24";"12";"2013";"1";"150";"10";"0";"30";"24";"12";"";"1";"";"";
"24";"36";"48";"";"DOUTORADO EM ENSINO DE CIÊNCIAS E MATEMÁTICA";"dout15";"360";"90";"24";"20";"12";"2015";"2";"270";"18";"0";"48";"36";"24";"";"1";"";"";
"8";"8";"12";"GESTÃO EM SISTEMAS E SERVIÇOS DE SAÚDE - NATAL - N - BACHARELADO";"GESTÃO EM SISTEMAS E SERVIÇOS DE SAÚDE";"01A";"2910";"180";"44";"99";"98";"2011";"1";"2115";"44";"615";"";"";"";"";"15";"0";"0";
"12";"24";"36";"";"MESTRADO EM DEMOGRAFIA";"01";"301";"1";"0";"24";"8";"2011";"1";"300";"0";"0";"36";"24";"12";"";"1";"";"";
"8";"8";"14";"GEOGRAFIA - CAICÓ - MT - LICENCIATURA";"GEOGRAFIA";"07";"2870";"180";"139";"30";"21";"2012";"1";"2085";"139";"605";"";"";"";"";"15";"0";"0";
"7";"7";"10";"CIÊNCIAS E TECNOLOGIA - NATAL - MT - BACHARELADO";"CIÊNCIAS E TECNOLOGIA";"02";"2400";"240";"32";"42";"24";"2016";"1";"2040";"32";"0";"";"";"";"";"60";"0";"120";
"18";"24";"30";"";"MESTRADO PROFISSIONAL EM ENGENHARIA DE SOFTWARE";"ES-01";"360";"180";"24";"24";"12";"2013";"2";"180";"12";"0";"30";"24";"18";"";"0";"";"";
"12";"24";"30";"";"MESTRADO EM FILOSOFIA";"MFIL15";"270";"240";"16";"30";"24";"2015";"2";"30";"0";"0";"30";"24";"12";"";"0";"";"";
"8";"8";"14";"HISTÓRIA - CAICÓ - N - LICENCIATURA";"HISTÓRIA";"01";"3000";"420";"132";"28";"24";"2013";"1";"1980";"132";"600";"";"";"";"";"60";"0";"0";
"12";"12";"18";"ENGENHARIA DE PRODUÇÃO - NATAL - N - FORMAÇÃO";"ENGENHARIA DE PRODUÇÃO";"01A";"3915";"390";"207";"30";"20";"2011";"1";"3105";"207";"420";"";"";"";"";"60";"0";"0";
"12";"24";"30";"";"MESTRADO PROFISSIONAL EM ENSINO DE HISTÓRIA - PROFHISTORIA";"PHIST01";"420";"210";"14";"24";"16";"2015";"2";"210";"0";"0";"30";"24";"12";"";"1";"";"";
"12";"24";"30";"";"MESTRADO PROFISSIONAL EM GEOGRAFIA";"GEOP1";"60";"0";"4";"24";"12";"2015";"1";"60";"4";"0";"30";"24";"12";"";"0";"";"";
"8";"8";"14";"GEOGRAFIA - CAICÓ - N - BACHARELADO";"GEOGRAFIA";"08";"2405";"180";"115";"30";"21";"2012";"1";"1725";"115";"500";"";"";"";"";"15";"0";"0";
"8";"8";"12";"FÍSICA - NATAL - MT - BACHARELADO";"FÍSICA";"04A";"2730";"120";"156";"36";"25";"2011";"1";"2340";"156";"270";"";"";"";"";"60";"";"";
"24";"48";"60";"";"DOUTORADO EM SAÚDE COLETIVA";"DOUT";"420";"420";"28";"24";"12";"2011";"1";"0";"0";"0";"60";"48";"24";"";"1";"";"";
"10";"10";"12";"ENGENHARIA DE COMPUTAÇÃO - NATAL - MT - FORMAÇÃO";"ENGENHARIA DE COMPUTAÇÃO";"01";"3890";"300";"102";"32";"26";"2012";"1";"3180";"102";"410";"";"";"";"";"15";"0";"0";
"8";"8";"12";"GEOFÍSICA - NATAL - MT - BACHARELADO";"GEOFÍSICA";"02";"2910";"300";"148";"30";"26";"2014";"1";"2220";"148";"390";"";"";"";"";"120";"0";"0";
"9";"9";"13";"COMUNICAÇÃO SOCIAL - AUDIOVISUAL - NATAL - N";"COMUNICAÇÃO SOCIAL - AUDIOVISUAL";"01";"2700";"300";"124";"";"";"2017";"1";"1860";"124";"340";"";"";"";"";"300";"0";"200";
"10";"10";"14";"PEDAGOGIA - NATAL - N - LICENCIATURA";"PEDAGOGIA";"01";"3220";"180";"174";"24";"18";"2011";"2";"2610";"174";"430";"";"";"";"";"240";"0";"0";
"8";"8";"12";"PEDAGOGIA - NATAL - T - LICENCIATURA";"PEDAGOGIA";"01";"3220";"180";"174";"30";"26";"2011";"2";"2610";"174";"430";"";"";"";"";"240";"0";"0";
"12";"24";"30";"";"MESTRADO PROFISSIONAL EM GESTÃO DA INFORMAÇÃO E DO CONHECIMENTO";"PGGIC1";"360";"240";"24";"24";"16";"2015";"2";"120";"8";"0";"30";"24";"12";"";"0";"";"";
"12";"24";"30";"";"MESTRADO PROFISSIONAL EM QUÍMICA - PROFQUI";"PQUIM1";"1200";"0";"80";"24";"12";"2015";"2";"1200";"80";"0";"30";"24";"12";"";"0";"";"";
"8";"8";"12";"AQUICULTURA - NATAL - MT - BACHARELADO";"AQUICULTURA";"01";"2820";"240";"138";"99";"98";"2002";"2";"2070";"138";"510";"";"";"";"";"0";"";"";
"24";"36";"48";"";"DOUTORADO EM NANOTECNOLOGIA FARMACÊUTICA";"DOUT";"0";"0";"0";"16";"12";"2013";"2";"0";"0";"0";"48";"36";"24";"";"0";"";"";
"12";"24";"30";"";"MESTRADO EM ENGENHARIA QUÍMICA";"M09";"360";"120";"24";"16";"12";"2010";"1";"240";"16";"0";"30";"24";"12";"";"1";"";"";
"7";"7";"11";"CIÊNCIAS E TECNOLOGIA - NATAL - N - BACHARELADO";"CIÊNCIAS E TECNOLOGIA";"02";"2400";"240";"32";"42";"24";"2016";"1";"2040";"32";"0";"";"";"";"";"60";"0";"120";
"24";"48";"54";"";"DOUTORADO EM CIÊNCIAS FARMACÊUTICAS";"DR2015";"540";"390";"26";"16";"12";"2015";"2";"150";"0";"0";"54";"48";"24";"";"1";"";"";
"24";"48";"54";"";"DOUTORADO EM CIÊNCIA E ENGENHARIA DE MATERIAIS";"DOUT11";"540";"180";"36";"16";"12";"2011";"1";"360";"24";"0";"54";"48";"24";"";"1";"";"";
"18";"24";"24";"";"MESTRADO PROFISSIONAL EM ARQUITETURA, PROJETO E MEIO AMBIENTE";"MP01";"225";"0";"15";"12";"8";"2010";"2";"225";"15";"0";"24";"24";"18";"";"0";"";"";
"10";"10";"15";"ENGENHARIA MECÂNICA - NATAL - MT - FORMAÇÃO";"ENGENHARIA MECÂNICA";"06";"3850";"390";"0";"29";"25";"2015";"2";"3030";"0";"220";"";"";"";"";"260";"0";"210";
"24";"48";"60";"";"DOUTORADO EM ENGENHARIA QUÍMICA";"08";"450";"270";"30";"12";"9";"2005";"1";"180";"12";"0";"60";"48";"24";"";"1";"";"";
"8";"8";"12";"ADMINISTRAÇÃO - NATAL - M - BACHARELADO";"ADMINISTRAÇÃO";"04B";"3075";"300";"165";"30";"20";"2011";"1";"2595";"165";"180";"";"";"";"";"15";"0";"0";
"24";"24";"24";"";"RESIDÊNCIA MÉDICA EM CARDIOLOGIA";"CAR0002";"11928";"5760";"0";"2880";"2880";"2010";"1";"18";"0";"6150";"";"";"";"";"5760";"";"";
"8";"8";"12";"CIÊNCIAS BIOLÓGICAS - NATAL - MT - LICENCIATURA";"CIÊNCIAS BIOLÓGICAS";"05B";"3180";"120";"164";"32";"24";"2011";"1";"2460";"164";"600";"";"";"";"";"60";"0";"0";
"7";"7";"10";"CIÊNCIAS E TECNOLOGIA - NATAL - N - BACHARELADO";"CIÊNCIAS E TECNOLOGIA";"02";"2400";"1020";"0";"32";"24";"2015";"1";"1260";"0";"0";"";"";"";"";"120";"0";"120";
"9";"9";"14";"LETRAS - LÍNGUA ESPANHOLA - NATAL - N";"LETRAS - LÍNGUA ESPANHOLA";"01A";"2880";"300";"132";"";"";"2016";"2";"1980";"132";"400";"";"";"";"";"15";"0";"200";
"7";"7";"11";"CIÊNCIAS E TECNOLOGIA - NATAL - N - BACHARELADO";"CIÊNCIAS E TECNOLOGIA";"02";"2400";"240";"0";"42";"24";"2016";"1";"2040";"0";"0";"";"";"";"";"60";"0";"120";
"8";"8";"12";"FILOSOFIA - NATAL - N - LICENCIATURA";"FILOSOFIA";"05";"2820";"660";"104";"28";"20";"2015";"1";"1560";"104";"400";"";"";"";"";"60";"0";"200";
"5";"7";"9";"CIÊNCIAS E TECNOLOGIA - NATAL - MTN - BACHARELADO";"CIÊNCIAS E TECNOLOGIA";"02";"2400";"240";"36";"32";"24";"2016";"1";"2040";"36";"0";"";"";"";"";"60";"0";"120";
"7";"7";"11";"CIÊNCIAS E TECNOLOGIA - NATAL - N - BACHARELADO";"CIÊNCIAS E TECNOLOGIA";"02";"2400";"240";"28";"32";"7";"2016";"1";"2040";"28";"0";"";"";"";"";"60";"0";"120";
"6";"6";"10";"CIÊNCIAS E TECNOLOGIA - NATAL - T - BACHARELADO";"CIÊNCIAS E TECNOLOGIA";"02";"2400";"240";"28";"32";"24";"2016";"1";"2040";"28";"0";"";"";"";"";"60";"0";"120";
"10";"10";"15";"FISIOTERAPIA - SANTA CRUZ - MT - FORMAÇÃO";"FISIOTERAPIA";"01B";"4020";"414";"47";"34";"28";"2014";"1";"3360";"47";"246";"";"";"";"";"30";"0";"0";
"24";"48";"50";"";"DOUTORADO EM FILOSOFIA";"DFIL15";"180";"150";"10";"36";"24";"2015";"2";"30";"0";"0";"50";"48";"24";"";"0";"";"";
"8";"8";"14";"HISTÓRIA - CAICÓ - MT - LICENCIATURA";"HISTÓRIA";"03";"3000";"420";"132";"28";"24";"2013";"1";"1980";"132";"600";"";"";"";"";"30";"0";"0";
"10";"10";"15";"CIÊNCIAS CONTÁBEIS - NATAL - N - BACHARELADO";"CIÊNCIAS CONTÁBEIS";"04";"3000";"300";"160";"28";"24";"2015";"1";"2400";"160";"140";"";"";"";"";"60";"0";"160";
"10";"10";"14";"HISTÓRIA - NATAL - M - BACHARELADO";"HISTÓRIA";"02";"2570";"480";"108";"32";"20";"2004";"1";"1620";"108";"470";"";"";"";"";"60";"0";"0";
"36";"36";"36";"";"RESIDÊNCIA MÉDICA EM UROLOGIA";"UROHUOL";"2640";"200";"0";"1";"1";"2005";"1";"0";"0";"2440";"";"";"";"";"2220";"";"";
"8";"8";"12";"MATEMÁTICA - NATAL - MT - LICENCIATURA";"MATEMÁTICA";"06";"2820";"300";"128";"34";"22";"2015";"1";"1920";"128";"400";"";"";"";"";"60";"0";"200";
"8";"8";"12";"SERVIÇO SOCIAL - NATAL - M - BACHARELADO";"SERVIÇO SOCIAL";"03B";"2850";"285";"132";"26";"26";"2011";"1";"1980";"132";"585";"";"";"";"";"120";"";"";
"8";"10";"15";"QUÍMICA - NATAL - N - LICENCIATURA";"QUÍMICA";"02A";"3165";"240";"153";"30";"26";"2011";"1";"2295";"153";"630";"";"";"";"";"180";"0";"0";
"24";"24";"24";"";"RESIDÊNCIA MÉDICA EM NEUROLOGIA PEDIÁTRICA";"NRP0001";"30";"0";"2";"";"";"2010";"1";"30";"2";"0";"";"";"";"";"0";"";"";
"7";"7";"10";"CIÊNCIAS E TECNOLOGIA - NATAL - MT - BACHARELADO";"CIÊNCIAS E TECNOLOGIA";"02";"2400";"240";"0";"42";"24";"2016";"1";"2040";"0";"0";"";"";"";"";"60";"0";"120";
"9";"10";"14";"CIÊNCIAS BIOLÓGICAS - NATAL - N - LICENCIATURA";"CIÊNCIAS BIOLÓGICAS";"02C";"3180";"120";"164";"32";"20";"2011";"1";"2460";"164";"600";"";"";"";"";"60";"0";"0";
"10";"10";"16";"PSICOLOGIA - NATAL - MT - FORMAÇÃO";"PSICOLOGIA";"04C";"4085";"300";"44";"99";"98";"2010";"1";"2295";"44";"1290";"";"";"";"";"15";"0";"200";
"12";"24";"30";"";"MESTRADO EM PSICOBIOLOGIA";"05";"150";"0";"10";"24";"8";"2006";"1";"150";"10";"0";"30";"24";"12";"";"1";"";"";
"12";"24";"30";"";"MESTRADO EM GEOGRAFIA";"01";"240";"240";"16";"20";"5";"2005";"1";"0";"0";"0";"30";"24";"12";"";"1";"";"";
"8";"8";"12";"TEATRO - NATAL - M - LICENCIATURA";"TEATRO";"02";"3240";"510";"126";"32";"28";"2014";"1";"1890";"126";"840";"";"";"";"";"60";"";"";
"8";"8";"12";"TEATRO - NATAL - M - LICENCIATURA";"TEATRO";"02";"3240";"510";"126";"32";"28";"2014";"1";"1890";"126";"840";"";"";"";"";"60";"";"";
"12";"24";"30";"";"MESTRADO EM CIÊNCIAS FLORESTAIS";"MCFL1";"360";"240";"24";"24";"12";"2012";"1";"120";"8";"0";"30";"24";"12";"";"0";"";"";
"8";"8";"12";"TEATRO - NATAL - M - LICENCIATURA";"TEATRO";"02";"3240";"510";"126";"32";"28";"2014";"1";"1890";"126";"840";"";"";"";"";"60";"";"";
"8";"8";"12";"TEATRO - NATAL - M - LICENCIATURA";"TEATRO";"02";"3240";"510";"126";"32";"28";"2014";"1";"1890";"126";"840";"";"";"";"";"60";"";"";
"9";"9";"14";"FARMÁCIA - NATAL - MT - FORMAÇÃO";"FARMÁCIA";"05B";"4200";"360";"198";"99";"98";"2011";"1";"2970";"198";"870";"";"";"";"";"15";"0";"0";
"7";"7";"11";"CIÊNCIAS E TECNOLOGIA - NATAL - N - BACHARELADO";"CIÊNCIAS E TECNOLOGIA";"02";"2400";"270";"26";"32";"24";"2016";"1";"2010";"26";"0";"";"";"";"";"60";"0";"120";
"8";"8";"12";"METEOROLOGIA - NATAL - T - BACHARELADO";"METEOROLOGIA";"01";"3300";"360";"156";"26";"24";"2014";"1";"2340";"156";"420";"";"";"";"";"60";"0";"180";
"8";"8";"12";"TEATRO - NATAL - M - LICENCIATURA";"TEATRO";"02";"3240";"510";"134";"32";"28";"2014";"1";"2010";"134";"720";"";"";"";"";"60";"0";"0";
"10";"10";"15";"LETRAS - LÍNGUA PORTUGUESA - NATAL - N";"LETRAS - LÍNGUA PORTUGUESA";"04";"2850";"360";"126";"";"";"2016";"2";"1890";"126";"400";"";"";"";"";"60";"0";"200";
"10";"10";"14";"ENGENHARIA DE MATERIAIS - NATAL - T - FORMAÇÃO";"ENGENHARIA DE MATERIAIS";"02";"3680";"420";"80";"32";"24";"2016";"1";"2820";"80";"250";"";"";"";"";"60";"0";"190";
"10";"10";"15";"FISIOTERAPIA - NATAL - MT - FORMAÇÃO";"FISIOTERAPIA";"04";"4260";"450";"173";"42";"30";"2013";"2";"2595";"173";"1215";"";"";"";"";"60";"0";"0";
"8";"8";"12";"DANÇA - NATAL - N - LICENCIATURA";"DANÇA";"01B";"2820";"780";"88";"24";"16";"2014";"1";"1320";"88";"720";"";"";"";"";"60";"0";"0";
"4";"8";"12";"TURISMO - CURRAIS NOVOS - MT - BACHARELADO";"TURISMO";"01B";"3110";"240";"152";"36";"24";"2013";"1";"2280";"152";"590";"";"";"";"";"60";"540";"0";
"9";"9";"12";"ENFERMAGEM - NATAL - MT - FORMAÇÃO";"ENFERMAGEM";"04";"4220";"120";"212";"99";"98";"2009";"1";"3180";"212";"920";"";"";"";"";"15";"0";"0";
"12";"24";"30";"";"MESTRADO EM SERVIÇO SOCIAL";"MSS1";"300";"120";"20";"24";"12";"2011";"2";"180";"12";"0";"30";"24";"12";"";"1";"";"";
"5";"7";"9";"CIÊNCIAS E TECNOLOGIA - NATAL - MT - BACHARELADO";"CIÊNCIAS E TECNOLOGIA";"02";"2400";"270";"30";"32";"24";"2016";"1";"2010";"30";"0";"";"";"";"";"60";"0";"120";
"13";"13";"20";"FARMÁCIA - NATAL - N - FORMAÇÃO";"FARMÁCIA";"01";"4200";"360";"198";"99";"98";"2009";"1";"2970";"198";"870";"";"";"";"";"15";"0";"0";
"8";"8";"16";"ESTATÍSTICA - NATAL - M - FORMAÇÃO";"ESTATÍSTICA";"04C";"3005";"780";"122";"52";"26";"2012";"1";"1830";"122";"395";"";"";"";"";"15";"0";"0";
"18";"24";"30";"";"MESTRADO EM FILOSOFIA";"01";"0";"0";"0";"18";"9";"2001";"1";"0";"0";"0";"30";"24";"18";"";"0";"";"";
"10";"10";"15";"CIÊNCIAS CONTÁBEIS - NATAL - M - BACHARELADO";"CIÊNCIAS CONTÁBEIS";"04";"3000";"300";"160";"28";"24";"2015";"1";"2400";"160";"140";"";"";"";"";"60";"0";"160";
"8";"8";"12";"GEOGRAFIA - NATAL - M - BACHARELADO";"GEOGRAFIA";"04B";"2430";"240";"126";"99";"98";"2014";"1";"1890";"126";"300";"";"";"";"";"60";"";"0";
"12";"24";"36";"";"MESTRADO EM ECOLOGIA";"01";"300";"0";"0";"20";"12";"2009";"1";"300";"0";"0";"36";"24";"12";"";"0";"";"";
"10";"10";"16";"PSICOLOGIA - NATAL - MT - FORMAÇÃO";"PSICOLOGIA";"04C";"4085";"300";"44";"99";"98";"2010";"1";"2295";"44";"1290";"";"";"";"";"15";"0";"200";
"10";"10";"16";"ENGENHARIA TÊXTIL - NATAL - TN - FORMAÇÃO";"ENGENHARIA TÊXTIL";"02";"3790";"450";"201";"32";"25";"2011";"1";"3015";"201";"325";"";"";"";"";"30";"0";"0";
"8";"8";"12";"QUÍMICA - NATAL - M - BACHARELADO";"QUÍMICA";"01B";"2845";"180";"157";"30";"26";"2011";"1";"2355";"157";"310";"";"";"";"";"180";"0";"0";
"8";"8";"12";"COMUNICAÇÃO SOCIAL - AUDIOVISUAL - NATAL - T";"COMUNICAÇÃO SOCIAL - AUDIOVISUAL";"01";"2700";"300";"124";"";"";"2017";"1";"1860";"124";"340";"";"";"";"";"300";"0";"200";
"10";"28";"32";"";"CLINICA MEDICA";"1";"5388";"0";"0";"0";"0";"2010";"1";"0";"0";"5388";"";"";"";"";"";"";"";
"58";"60";"72";"";"RESIDÊNCIA MÉDICA EM NEUROCIRURGIA";"NCR0001";"12775";"100";"0";"86";"66";"2006";"1";"0";"0";"12675";"";"";"";"";"1440";"";"";
"24";"48";"54";"";"DOUTORADO EM FÍSICA";"04";"600";"360";"40";"54";"48";"2005";"1";"240";"16";"0";"54";"48";"24";"";"0";"";"";
"12";"12";"12";"";"RESIDÊNCIA MÉDICA EM OTORRINOLARINGOLOGIA";"OTG0101";"10";"0";"0";"";"";"2012";"1";"0";"0";"10";"";"";"";"";"0";"";"";
"12";"12";"12";"";"RESIDÊNCIA MÉDICA EM CIRURGIA GERAL";"CIG0505";"2258";"0";"0";"";"";"2011";"1";"0";"0";"1908";"";"";"";"";"0";"";"";
"24";"48";"60";"";"DOUTORADO EM NEUROCIÊNCIAS";"02";"360";"180";"12";"24";"12";"2009";"2";"180";"0";"0";"60";"48";"24";"";"1";"";"";
"12";"24";"30";"";"MESTRADO EM ESTUDOS URBANOS E REGIONAIS";"EUR2017";"480";"180";"32";"";"";"2017";"1";"300";"20";"0";"30";"24";"12";"";"0";"";"";
"8";"8";"12";"HISTÓRIA - - NATAL - I - LICENCIATURA";"HISTÓRIA -";"01";"2835";"300";"129";"25";"22";"2014";"1";"1935";"129";"600";"";"";"";"";"60";"680";"0";
"8";"8";"12";"EDUCAÇÃO FÍSICA - NATAL - MT - LICENCIATURA";"EDUCAÇÃO FÍSICA";"01A";"3035";"780";"106";"32";"24";"2011";"1";"1590";"106";"665";"";"";"";"";"60";"0";"0";
"6";"9";"13";"TECNOLOGIA DA INFORMAÇÃO - NATAL - N - BACHARELADO";"TECNOLOGIA DA INFORMAÇÃO";"02";"2600";"300";"0";"32";"20";"2014";"1";"2160";"0";"0";"";"";"";"";"30";"0";"140";
"36";"48";"60";"";"DOUTORADO EM ECOLOGIA";"04";"525";"225";"15";"24";"12";"2009";"1";"300";"0";"0";"60";"48";"36";"";"0";"";"";
"8";"8";"12";"BIBLIOTECONOMIA - NATAL - T - BACHARELADO";"BIBLIOTECONOMIA";"02B";"2880";"240";"152";"99";"98";"2011";"1";"2280";"152";"360";"";"";"";"";"15";"";"";
"8";"8";"14";"ECOLOGIA - NATAL - MT - BACHARELADO";"ECOLOGIA";"02";"2845";"300";"137";"36";"20";"2016";"1";"2055";"137";"345";"";"";"";"";"15";"0";"145";
"8";"8";"14";"ECOLOGIA - NATAL - N - BACHARELADO";"ECOLOGIA";"02";"2845";"300";"137";"36";"20";"2016";"1";"2055";"137";"345";"";"";"";"";"15";"0";"145";
"24";"48";"54";"";"DOUTORADO EM GEODINÂMICA E GEOFÍSICA";"02";"600";"510";"40";"24";"12";"2004";"1";"90";"6";"0";"54";"48";"24";"";"1";"";"";
"24";"48";"60";"";"DOUTORADO EM TURISMO";"DTUR-1";"540";"420";"36";"32";"16";"2014";"2";"120";"8";"0";"60";"48";"24";"";"0";"";"";
"10";"10";"15";"CIÊNCIAS ECONÔMICAS - NATAL - N - BACHARELADO";"CIÊNCIAS ECONÔMICAS";"03";"3000";"540";"144";"28";"20";"2010";"1";"2160";"144";"300";"";"";"";"";"15";"0";"0";
"24";"48";"54";"";"DOUTORADO EM BIOINFORMÁTICA";"DT2016";"540";"390";"26";"16";"12";"2016";"1";"150";"0";"0";"54";"48";"24";"";"1";"";"";
"12";"24";"30";"";"MESTRADO EM BIOINFORMÁTICA";"Mbif001";"360";"180";"12";"16";"12";"2016";"1";"180";"0";"0";"30";"24";"12";"";"0";"";"";
"24";"48";"60";"";"DOUTORADO EM BIOTECNOLOGIA";"01";"210";"0";"14";"20";"8";"2006";"2";"210";"14";"0";"60";"48";"24";"Migrados do Ponto@. Pelo fato de aparecer como currículo duplicado, no sigaa, ele foi desativado";"1";"";"";
"8";"8";"12";"FILOSOFIA - NATAL - N - BACHARELADO";"FILOSOFIA";"03";"2400";"1260";"60";"28";"20";"2015";"1";"900";"60";"120";"";"";"";"";"60";"0";"120";
"9";"9";"14";"FÍSICA - NATAL - N - LICENCIATURA";"FÍSICA";"03A";"2805";"95";"140";"36";"20";"2011";"1";"2100";"140";"610";"";"";"";"";"30";"0";"0";
"10";"10";"16";"DIREITO - NATAL - M - BACHARELADO";"DIREITO";"04A";"3700";"435";"180";"26";"24";"2010";"2";"2700";"180";"565";"";"";"";"";"60";"0";"0";
"10";"10";"15";"CIÊNCIAS ECONÔMICAS - NATAL - M - BACHARELADO";"CIÊNCIAS ECONÔMICAS";"03";"3000";"540";"144";"28";"20";"2010";"2";"2160";"144";"300";"";"";"";"";"15";"0";"0";
"8";"8";"14";"CIÊNCIAS SOCIAIS - NATAL - N - LICENCIATURA";"CIÊNCIAS SOCIAIS";"03D";"2860";"300";"120";"32";"20";"2013";"1";"1800";"120";"760";"";"";"";"";"2";"";"";
"8";"8";"12";"LETRAS - FRANCÊS - NATAL - M";"LETRAS - FRANCÊS";"02B";"2820";"360";"124";"";"";"2016";"2";"1860";"124";"400";"";"";"";"";"15";"0";"200";
"10";"10";"16";"PSICOLOGIA - NATAL - MT - FORMAÇÃO";"PSICOLOGIA";"04C";"3995";"300";"46";"99";"98";"2009";"1";"2385";"46";"1110";"";"";"";"";"15";"0";"200";
"9";"9";"14";"HISTÓRIA - NATAL - M - LICENCIATURA";"HISTÓRIA";"2C";"2820";"600";"108";"32";"20";"2013";"2";"1620";"108";"600";"";"";"";"";"240";"0";"0";
"6";"8";"10";"MÚSICA - NATAL - N - LICENCIATURA";"MÚSICA";"01B";"2930";"690";"76";"99";"20";"2009";"1";"1140";"76";"1100";"";"";"";"";"30";"0";"0";
"12";"24";"30";"";"MESTRADO EM ENGENHARIA TÊXTIL";"TXT17";"360";"120";"24";"";"";"2017";"1";"240";"16";"0";"30";"24";"12";"";"0";"";"";
"6";"6";"6";"";"RESIDÊNCIA MÉDICA EM CIRURGIA GERAL";"CIG0507";"2880";"0";"0";"";"";"2012";"1";"0";"0";"2880";"";"";"";"";"0";"";"";
"6";"6";"6";"";"RESIDÊNCIA MÉDICA EM CIRURGIA GERAL";"CIG508";"1728";"0";"0";"";"";"2011";"1";"0";"0";"1728";"";"";"";"";"0";"";"";
"6";"6";"6";"";"RESIDÊNCIA MÉDICA EM CIRURGIA GERAL";"CIG0501";"1728";"0";"0";"";"";"2011";"2";"0";"0";"1728";"";"";"";"";"0";"";"";
"6";"6";"6";"";"RESIDÊNCIA MÉDICA EM CIRURGIA GERAL";"CIG0508";"1728";"0";"0";"";"";"2012";"1";"0";"0";"1728";"";"";"";"";"0";"";"";
"12";"12";"12";"";"RESIDÊNCIA MÉDICA EM CIRURGIA VIDEOLAPAROSCÓPICA";"CIR501";"2880";"2880";"0";"";"";"2005";"1";"0";"0";"0";"";"";"";"";"2880";"";"";
"24";"24";"30";"";"RESIDÊNCIA MÉDICA EM PEDIATRIA";"PDT0001";"5760";"0";"0";"";"";"1974";"1";"0";"0";"5760";"";"";"";"";"2880";"";"";
"9";"9";"14";"HISTÓRIA - NATAL - N - LICENCIATURA";"HISTÓRIA";"2B";"2820";"600";"108";"32";"20";"2013";"2";"1620";"108";"600";"";"";"";"";"60";"0";"0";
"9";"9";"13";"DESIGN - NATAL - MT - BACHARELADO";"DESIGN";"01";"2690";"300";"146";"28";"24";"2009";"2";"2190";"146";"200";"";"";"";"";"180";"0";"0";
"24";"24";"30";"";"RESIDÊNCIA EM CARDIOLOGIA/RESCARD/HUOL";"CARDIO";"1152";"322";"0";"";"";"2016";"1";"830";"0";"0";"";"";"";"";"0";"";"";
"6";"6";"6";"";"RESIDÊNCIA MÉDICA EM CLÍNICA MÉDICA";"I";"1440";"0";"0";"";"";"2011";"1";"0";"0";"1440";"";"";"";"";"0";"";"";
"6";"6";"6";"";"RESIDÊNCIA MÉDICA EM CLÍNICA MÉDICA";"II";"1440";"0";"0";"";"";"2011";"2";"0";"0";"1440";"";"";"";"";"0";"";"";
"6";"6";"6";"";"RESIDÊNCIA MÉDICA EM CLÍNICA MÉDICA";"III";"1440";"0";"0";"";"";"2012";"1";"0";"0";"1440";"";"";"";"";"0";"";"";
"6";"6";"6";"";"RESIDÊNCIA MÉDICA EM CLÍNICA MÉDICA";"IV";"1440";"0";"0";"";"";"2012";"2";"0";"0";"1440";"";"";"";"";"0";"";"";
"35";"36";"37";"";"RESIDÊNCIA MÉDICA EM GINECOLOGIA E OBSTETRÍCIA";"MGO";"1180";"0";"0";"";"";"2012";"1";"0";"0";"1180";"";"";"";"";"0";"";"";
"11";"12";"13";"";"RESIDÊNCIA MÉDICA EM ENDOSCOPIA GINECOLÓGICA";"MEG";"320";"0";"0";"";"";"2012";"1";"0";"0";"320";"";"";"";"";"0";"";"";
"6";"6";"6";"";"PROGRAMA DE RESIDÊNCIA MÉDICA EM PEDIATRIA";"RPD0001";"265";"60";"0";"4";"";"2006";"1";"145";"0";"60";"";"";"";"";"60";"";"";
"58";"60";"72";"";"RESIDÊNCIA MÉDICA EM NEUROCIRURGIA";"NCR0002";"13875";"300";"0";"96";"84";"2008";"1";"135";"0";"13440";"";"";"";"";"1440";"";"";
"6";"6";"6";"";"RESIDÊNCIA MÉDICA EM OFTALMOLOGIA";"OFT0001";"156";"96";"0";"22";"20";"2013";"1";"0";"0";"60";"";"";"";"";"1440";"";"";
"6";"6";"6";"";"RESIDÊNCIA MÉDICA EM OFTALMOLOGIA";"OFT0002";"96";"96";"0";"22";"20";"2013";"2";"0";"0";"0";"";"";"";"";"1440";"";"";
"6";"6";"6";"";"RESIDÊNCIA MÉDICA EM OFTALMOLOGIA";"OFT0003";"156";"96";"0";"22";"20";"2013";"1";"0";"0";"60";"";"";"";"";"1440";"";"";
"1";"1";"6";"";"RESIDÊNCIA MÉDICA EM OTORRINOLARINGOLOGIA";"OTG005";"60";"0";"0";"";"";"2013";"1";"0";"0";"60";"";"";"";"";"0";"";"";
"24";"24";"24";"";"PROGRAMA DE RESIDÊNCIA MÉDICA EM MEDICINA DA FAMÍLIA E COMUNIDADE";"RSF";"877";"307";"0";"";"";"2012";"1";"365";"0";"205";"";"";"";"";"77";"";"";
"24";"24";"24";"";"RESIDÊNCIA MÉDICA EM MEDICINA DE FAMÍLIA E COMUNIDADE";"1";"34";"0";"0";"4";"2";"2014";"1";"34";"0";"0";"";"";"";"";"1260";"";"";
"3";"3";"3";"";"RESIDÊNCIA MÉDICA EM ENDOCRINOLOGIA PEDIÁTRICA";"enp0010";"2";"0";"0";"";"";"2010";"1";"2";"0";"0";"";"";"";"";"0";"";"";
"6";"6";"6";"";"RESIDÊNCIA MÉDICA EM OFTALMOLOGIA";"OFT0004";"216";"96";"8";"22";"20";"2014";"2";"120";"8";"0";"";"";"";"";"1440";"";"";
"12";"12";"12";"";"RESIDÊNCIA MÉDICA EM ANESTESIOLOGIA";"ANE0002";"0";"0";"0";"";"";"2012";"1";"0";"0";"0";"";"";"";"";"0";"";"";
"36";"36";"40";"";"RESIDÊNCIA MÉDICA EM GINECOLOGIA E OBSTETRÍCIA";"TESTE";"40";"0";"0";"";"";"2015";"1";"0";"0";"40";"";"";"";"";"0";"";"";
"36";"36";"36";"";"RESIDÊNCIA MÉDICA EM GINECOLOGIA E OBSTETRÍCIA";"1A";"891";"0";"0";"1728";"1368";"2015";"1";"891";"0";"0";"";"";"";"";"0";"";"";
"36";"36";"48";"";"RESIDÊNCIA EM CIRURGIA E TRAUMATOLOGIA BUCO-MAXILO-FACIAIS";"2016BMF";"9630";"60";"20";"96";"96";"2016";"1";"380";"20";"1210";"";"";"";"";"1440";"";"";
"24";"24";"24";"";"RESIDÊNCIA EM ATENÇÃO BÁSICA/RESATBAS/EMCM";"AB2016";"4165";"0";"0";"";"";"2016";"1";"2203";"0";"1962";"";"";"";"";"0";"";"";
"24";"24";"24";"";"RESIDÊNCIA EM SAÚDE MATERNO-INFANTIL/RESSMI/EMCM";"RMI2016";"4029";"0";"0";"";"";"2016";"1";"2475";"0";"1554";"";"";"";"";"0";"";"";
"24";"24";"36";"";"RESIDÊNCIA MÉDICA EM MEDICINA DE FAMÍLIA E COMUNIDADE/RESMMFC/EMCM";"MFCEMCM";"2880";"0";"0";"";"";"2017";"1";"2880";"0";"0";"";"";"";"";"1440";"";"";
"24";"24";"36";"";"RESIDÊNCIA MÉDICA EM CIRURGIA GERAL/RESCIRG/EMCM";"CIREMCM";"2880";"0";"0";"";"";"2016";"1";"2880";"0";"0";"";"";"";"";"1440";"";"";
"36";"36";"36";"";"RESIDENCIA EM ANESTESIOLOGIA/RESANES/HUAB";"1B";"909";"864";"0";"1728";"1368";"2016";"1";"45";"0";"0";"";"";"";"";"0";"";"";
"5";"6";"7";"";"RESIDÊNCIA MÉDICA EM CIRURGIA GERAL";"CG20161";"3125";"0";"126";"";"";"2016";"1";"1890";"126";"885";"";"";"";"";"1440";"";"";
"24";"24";"24";"";"RESIDÊNCIA MÉDICA EM ENDOCRINOLOGIA PEDIÁTRICA";"ep2016";"5775";"2880";"0";"";"";"2016";"1";"225";"0";"2670";"";"";"";"";"100";"";"350";
"36";"36";"36";"";"RESIDÊNCIA MÉDICA EM INFECTOLOGIA";"INFECTO";"468";"288";"0";"";"";"2016";"1";"0";"0";"180";"";"";"";"";"2880";"";"";
"12";"12";"18";"MEDICINA - CAICÓ - MTN - FORMAÇÃO";"MEDICINA";"01";"7560";"760";"0";"40";"32";"2014";"2";"5580";"0";"840";"";"";"";"";"1";"0";"380";
"9";"9";"12";"COMUNICAÇÃO SOCIAL- PUBLICIDADE E PROPAGANDA - NATAL - N";"COMUNICAÇÃO SOCIAL- PUBLICIDADE E PROPAGANDA";"01";"2780";"420";"134";"";"";"2016";"1";"2010";"134";"100";"";"";"";"";"45";"0";"250";
"8";"9";"14";"COMUNICAÇÃO SOCIAL - NATAL - RADIALISMO - N - BACHARELADO";"COMUNICAÇÃO SOCIAL";"01";"2760";"270";"151";"99";"98";"2002";"1";"2265";"151";"225";"";"";"";"";"1";"0";"0";
"8";"9";"14";"COMUNICAÇÃO SOCIAL - NATAL - RADIALISMO - T - BACHARELADO";"COMUNICAÇÃO SOCIAL";"01";"2760";"270";"151";"99";"98";"2005";"1";"2265";"151";"225";"";"";"";"";"1";"0";"0";
"8";"9";"14";"COMUNICAÇÃO SOCIAL - NATAL - JORNALISMO - N - BACHARELADO";"COMUNICAÇÃO SOCIAL";"03";"2715";"450";"136";"99";"98";"2002";"1";"2040";"136";"225";"";"";"";"";"1";"0";"0";
"8";"9";"14";"COMUNICAÇÃO SOCIAL - NATAL - JORNALISMO - T - BACHARELADO";"COMUNICAÇÃO SOCIAL";"03";"2715";"450";"136";"99";"98";"2005";"1";"2040";"136";"225";"";"";"";"";"15";"0";"0";
"36";"36";"36";"";"RESIDÊNCIA MÉDICA EM PATOLOGIA";"PAT0123";"6531";"576";"0";"";"";"2015";"1";"1260";"0";"4695";"";"";"";"";"2880";"";"";
"33";"36";"42";"";"RESIDÊNCIA MÉDICA EM NEUROLOGIA";"RMNRL";"7888";"0";"0";"";"";"2016";"1";"0";"0";"7888";"";"";"";"";"0";"";"";
"24";"24";"36";"";"RESIDÊNCIA MÉDICA EM NEONATOLOGIA";"neo";"720";"240";"0";"";"";"1983";"1";"0";"0";"480";"";"";"";"";"2880";"";"";
"24";"24";"32";"";"RESIDÊNCIA MÉDICA EM ENDOCRINOLOGIA";"108";"5616";"0";"0";"";"";"2006";"1";"0";"0";"5616";"";"";"";"";"0";"";"";
"6";"6";"6";"";"RESIDÊNCIA MÉDICA EM INFECTOLOGIA";"INF16.2";"351";"144";"5";"";"";"2016";"2";"75";"5";"132";"";"";"";"";"1440";"";"";
"6";"6";"6";"";"RESIDÊNCIA MÉDICA EM INFECTOLOGIA";"INFR2";"351";"144";"5";"";"";"2016";"2";"75";"5";"132";"";"";"";"";"1440";"";"";
"6";"6";"6";"";"RESIDÊNCIA MÉDICA EM INFECTOLOGIA";"INFR3";"351";"144";"5";"";"";"2016";"2";"75";"5";"132";"";"";"";"";"1440";"";"";
"24";"24";"30";"";"RESIDÊNCIA EM ATENÇÃO BÁSICA/RESATBAS/EMCM";"AB2017";"4225";"0";"0";"";"";"2017";"1";"2113";"0";"2112";"";"";"";"";"0";"";"";
"24";"24";"24";"";"RESIDÊNCIA EM ASSISTÊNCIA MATERNO-INFANTIL";"ami15";"5670";"210";"0";"";"";"2015";"1";"687";"0";"4773";"";"";"";"";"60";"";"";
"24";"24";"30";"";"RESIDÊNCIA EM ATENÇÃO À SAÚDE DA CRIANÇA";"ASC0200";"5640";"322";"0";"";"";"2014";"1";"710";"0";"4608";"";"";"";"";"0";"";"";
"24";"24";"24";"";"RESIDÊNCIA EM SAÚDE MATERNO-INFANTIL/RESSMI/EMCM";"RMI2017";"1295";"0";"0";"";"";"2017";"1";"1015";"0";"252";"";"";"";"";"0";"";"";
"24";"24";"28";"";"RESIDÊNCIA EM TERAPIA INTENSIVA NEONATAL";"TIN05";"5098";"0";"0";"";"";"2017";"1";"750";"0";"4348";"";"";"";"";"0";"";"";
